RequirementText,_class_
The system shall refresh the display every 60 seconds.,PE
The application shall match the color of the schema set forth by Department of Homeland Security,LF
If projected  the data must be readable.  On a 10x10 projection screen  90% of viewers must be able to read Event / Activity data from a viewing distance of 30,US
The product shall be available during normal business hours. As long as the user has access to the client PC  the system will be available 99% of the time during the first six months of operation.,A
If projected  the data must be understandable. On a 10x10 projection screen  90% of viewers must be able to determine that Events or Activities are occuring in current time from a viewing distance of 100,US
The product shall ensure that it can only be accessed by authorized users.  The product will be able to distinguish between authorized and unauthorized users in all access attempts,SE
The product shall be intuitive and self-explanatory. 90% of new users shall be able to start the display of Events or Activities within 90 minutes of using the product.,US
The product shall respond fast to keep up-to-date data in the display.,PE
The look and feel of the system shall conform to the user interface standards of the smart device.,LF
The user interface shall have standard menus buttons for navigation,LF
The system shall have a professional appearance,LF
The product shall have a consistent color scheme and fonts.,LF
The system shall be used by realtors with no training.,US
The system shall be intuitive and self explanatory.,US
The product shall be easy for a realtor to learn.,US
The product shall use symbols and words that are naturally understandable by the realtor community.,US
The product shall produce search results in an acceptable time,PE
The search results shall be returned no later 30 seconds  after the user has entered the search criteria,PE
The product shall generate a CMA report in an acceptable time.,PE
The CMA report shall be returned no later 60 seconds after the user has entered the CMA report criteria.,PE
The product shall synchronize contacts and appointments in an acceptable time.,PE
The product shall synchronize with the office system every hour.,PE
The product shall be available for use 24 hours per day 365 days  per year,A
Out of 1000 accesses to the system the system is available 999 times.,A
The product shall operate in offline mode whenever internet connection is unavailable.,FT
The product shall allow the user to view previously downloaded search results CMA reports  and appointments.,FT
The product shall retain user preferences in the event of a failure.,FT
100% of saved user preferences shall be restored when system comes back online.,FT
The product shall be able to support multiple remote users,SC
The product shall be able support 1000 simultaneous users.,SC
The product shall be capable of handling the existing 1000 users. This number is expected to grow 5 times within the next year.,SC
The product shall be installed by an untrained realtor without recourse to separately-printed instructions.,US
90% of untrained realtors shall be able to install the product on their device without printed instructions,US
The product is expected to run on Windows CE and Palm operating systems.,PO
Only registered realtors shall be able to access the system.,SE
Every user of the system shall be authenticated and authorized.,SE
The product shall prevent its data from incorrect data being introduced.,SE
The system shall be easy to use by the Program Administrators/Nursing Staff Members.,US
All of the users shall be able to use the system after one day of training.,US
The system shall help the user avoid making mistakes while scheduling classes and clinicals for the nursing students.,US
The number of mistakes noted by the students shall be decreased by 50% in the first year.,US
The system shall be intuitive to the Program Administrators/Nursing Staff Members.,US
2 out of 3 Program Administrators/Nursing Staff Members shall successfully be able to use the system to manage the scheduling of classes and clinicals.,US
The system shall use symbols and words that are naturally understandable by the user community.,US
The verbiage used within the system shall be consistent with Standard English and the terminology of the national Nursing Community.,US
Staff members shall be able to complete a set of tasks in a timely manner.,PE
The response time of general student management tasks shall take no longer than 5 seconds and the response time of schedule generation shall take no longer than 30 seconds.,PE
The system shall be available for use between the hours of 8am and 6pm.,A
The system shall achieve 95% up time.,A
system shall be able to handle all of the user requests/usage during business hours.,SC
The system shall cater to 10 simultaneous users from 9am to 5pm.,SC
The system shall be capable of processing 100% of nursing students and their classes for the next 10 years.,SC
The system shall be expected to manage the nursing program curriculum and class/clinical scheduling for a minimum of 5 years.,SC
The system shall able to operate within a business office environment typical of the Nursing Department at DePaul University.,O
The system shall be used within the specifications defined by the computers used by the Program Administrators/Nursing Staff Members.,O
The system shall operate within the Windows XP Professional operating system.,O
The system shall interface with CampusConnect\92s central server,O
The system shall interface with the faculty central server.,O
The system shall interface with the student master server.,O
We must be able to interface with any HTML browser.,O
Only authorized users shall have access to clinical site information.,SE
Program Administrators/Nursing Staff Members are the only people who shall have access to clinical site details.,SE
Only authorized users shall have access to students\92 personal information.,SE
Dr Susan Poslusny and Dr Julie Donalek are the only people who shall have access to students\92 personal information.,SE
Only authorized users shall have access to the portion of the system that interfaces with CampusConnect.,SE
Fit Criterion: Dr Susan Poslusny and Karen Sysol are the only people who shall have access to the final class section scheduling for the system that interfaces with CampusConnect.,SE
The system shall have basic data integrity checking to reduce the possibility of incorrect or invalid data being introduced.,SE
The system shall protect private information in accordance with the organization\92s information policy.,SE
The system shall be built such that it is as secure as possible from malicious interference.,SE
The system shall use the organization\92s standard virus protection software to help monitor threats to itself.,SE
The Disputes application shall comply with the corporate standards for user interface creation for internally and externally used applications.,LF
All screens created as part of the Disputes application must comply with corporate standards for interface creation.,LF
The list of dispute cases that are displayed after a search is performed must be color coded for easy identification of dispute cases based upon the dispute case status.,US
100% of the cardmember and merchant services representatives shall use the Disputes application regularly after a 2-day training course.,US
100% of cardmember services representatives shall be able to successfully create a dispute case on the first encounter after completing the training course.,US
100% of merchant services representatives shall be able to successfully perform a follow up action on a dispute case on the first encounter after completing the training course.,US
The maximum wait time for a user navigating from one screen to another within the Disputes application shall be no more than 5 seconds.,PE
The Disputes application shall support 350 concurrent users without any degradation of performance in the application.,PE
 The Disputes application shall be available 24x7x365  with the exception of the following scheduled maintenance windows.  Monday \96 Saturday 3:00am to 4:00am EST Sunday 1:00amd to 5:00am EST,O
The Disputes application shall interface with the Statement Database. The Statement Database provides the transaction details to the Disputes System. All transaction details must be obtained from the Statement Database,O
The Disputes application shall interface with the Cardmember Information Database. The Cardmember Information Database provides detailed information with regard to a cardmember. All cardmember detail information must be obtained from the Cardmember Information Database.,O
The Disputes applications shall interface with the Merchant Information Database. The Merchant Information Database provides detailed information with regard to the merchant. All merchant detail information shall be obtained from the Merchant Information Database.,O
The Disputes application shall interface with the Letters application.  This will allow the Disputes application to request letters as part of the dispute initiation and dispute follow up process. All letter requests must be sent to the Print Letter Utility application.,O
The Disputes application shall interface with the Cardmember Posting and Billing System.  This will allow the Disputes application to request adjustments to cardmember and merchant\92s accounts. All adjustment requests must be sent to the Cardmember Posting and Billing System.,O
The Disputes application shall ensure that only users with the appropriate access level are allowed to initiate dispute requests.,SE
Only users with Update access must be able to initiate dispute requests.,SE
The Disputes application shall ensure that only authorized users are allowed to logon to the application.,SE
All authorized users  once authenticated must be able to logon to the Disputes System,SE
The Disputes System shall generate a User Report that details any new users that have been added and any changes to an existing user\92s access level. The report will be reviewed for auditing purposes.,SE
All additions of new users and modifications to user\92s access shall be recorded on the User Report.,SE
If a user account is revoked  it can only be re-instantiated by the System Administrator.,SE
Only the System Administrator shall be able to reset a revoked user logon account,SE
The Disputes application shall manipulate and view business data. Users will not have direct access to data files or databases.,SE
All updates to data files or database must be initiated from the Disputes System.,SE
The Disputes application must conform to the legal requirements as specified by the Merchant Operating Regulations.,L
All business rules specified in the Disputes System shall be in compliance with the Merchant Operating Regulations.,L
The Disputes application must conform to the legal requirements as specified by Regulation E and Regulation Z that govern credit card disputes processing.,L
All business rules specified in the Disputes System shall be in compliance to the guidelines of Regulation E and Regulation Z.,L
The Disputes application must maintain a detailed history of every action that a user takes on a dispute case.  This ensures a complete audit trail if questions arise later on with regard to a particular dispute case.,L
All actions that modify an existing dispute case must be recorded in the case history.,L
The product must support Internet Explorer 5.5 and above.,O
The product must support Mozilla Firefox 1.0 and above.,O
The product shall interface with the Choice Parts System.  This provides the feed of recycled parts data.,O
The product shall run on the existing hardware for all environments.,O
The product shall adhere to the corporate Architecture guidelines,O
The product shall comply with corporate User Interface Guidelines,LF
The product shall comply with corporate color scheme,LF
The appearance of the product shall appear professional,LF
The product shall be easy to use by Adjusters and Collision Estimators.  95% of Adjusters and Collision Estimators shall find the product easy to use.,US
The product shall increase productivity of Collision Estimators. 80% of the Collision Estimators shall agree their productivity has increase within 1 month of using the product.,US
Users shall feel satisfied using the product.  85% of all users will be satisfied with the product.,US
The product shall be easy to learn by Adjusters and Collision Estimators.  The product shall be learned with two days onsite training,US
The user shall easily locate instructions while using the product.  User help can be found within 90% of the system.,US
The search for recycled parts shall take no longer than 15 seconds.  The search results shall be returned in under 15 seconds.,PE
The search for the preferred repair facility shall take no longer than 8 seconds.  The preferred repair facility is returned within 8 seconds,PE
The recycled parts audit report shall be returned to the user within 10 seconds.  The audit report shall be returned within 10 seconds.,PE
The preferred repair facility ratings shall be saved within 5 seconds. The save shall occur within 5 seconds.,PE
The product shall adhere to the corporate online availability schedule.  The application is brought down only within 98% of the scheduled outages per the availability schedule.,A
The product shall achieve a 98% uptime. The product shall not fail more than 2% of the available online time.,A
The product shall be able to handle up to 1500 simultaneous users. The system shall perform with 1500 users as a time.,SC
The average number of recycled parts records per day shall be 50 000.,SC
The product shall be able to handle 10 000 concurrent users within 2 years of the initial launch.,SC
For estimators  the product shall be able to be operated in a repair facility during dirty and noisy conditions.,O
The product shall interface with the ChoiceParts system once per day at approximately 1:00 AM.,O
The maintenance of the product will fall within the established corporate maintenance windows.,O
The product shall be supported using the corporate support center.,O
Product installations and upgrades shall be handled by the middleware technology team within established launch time frames.,O
Only adjusters can request recycled parts audit reports. No users without an adjuster role shall request recycled parts audits.,SE
Only adjusters with a supervisor role can update preferred repair facility ratings. Users without the supervisor role cannot access the repair facility ratings.,SE
Only collision estimators shall search for recycled parts.  Users without the collision estimator role shall not have access to the search for recycled parts.,SE
Only valid data shall be entered into the system. No invalid data shall be entered into the system.,SE
One insurance company shall not be able to view another insurance companys claim data.,SE
The product shall free of computer viruses.,SE
The system shall prevent malicious attacks including denial of service.,SE
The product must comply with Sarbanes-Oxley.,L
The product shall comply with the estimatics laws relating to recycled parts usage.,L
The product shall comply with insurance regulations regarding claims processing.,L
The product must work with most database management systems (DBMS) on the market  whether the DBMS is colocated with the product on the same machine or is located on a different machine on the computer network.,O
The product will function alongside server software on any operating system where the Java runtime can be installed.,O
The product will require collaboration with a database management system (DBMS).  The DBMS may be located on the same machine as the product or on a separate machine residing on the same computer network.,O
The product must make use of web/application server technology.  Open source examples include Apache web server  Tomcat  and the JBoss application server.,O
A database management system such as Oracle  DB2  MySql or HSQL will need to be integrated with the product.,O
The product\92s Look and Feel shall be able to incorporate aspects of the customer\92s organization such as logo  branding  and identity,LF
The product shall have a conservative and professional appearance.,LF
The product shall make the users want to use it. 80% of the users surveyed report they are regularly using the product after the first 2 weeks post-launch.,US
The product shall be easy to use. 90% of users will be able to successfully reserve a conference room within 5 minutes of product use.,US
The product shall give users feedback when necessary. 80% of the users surveyed report that the product accurately confirms their actions.,US
The product shall allow the user to select a chosen language from one of the target market countries.,US
The product shall allow for customization of start page and views preferences.,US
An employee will be able to successfully use the product within a few minutes.  After informally navigating the product for less than 15 minutes  users shall be able to successfully setup meetings and reserve conference rooms.,US
The product shall use a standard navigation menu familiar to most web users.,US
The product shall allow for intuitive searching of available conference rooms.,US
The product shall conform to the Americans with Disabilities Act.,US
The response shall be fast enough to avoid interrupting the user\92s flow of thought.  90% of tasks shall complete within 5 seconds.  98% of tasks shall complete within 8 seconds.,PE
Aside from server failure  the software product shall achieve 99.99% up time.,A
The product shall create an exception log of problems encountered within the product for transmission to our company for analysis and resolution.,FT
The product shall be capable of handling up to 1 000 concurrent requests.  This number will increase to 2 000 by Release 2.  The concurrency capacity must be able to handle peak scheduling times such as early morning and late afternoon hours.,SC
The product shall be able to process 10 000 transactions per hour within two years of its launch.  This number will increase to 20 000 by Release 2.,SC
The product shall be expected to operate for at least 5 years for each customer installation.,SC
The product shall be used in office environments.,O
The product must be able to interface with any HTML browser.  The product shall transmit data between the user and the product without problems. The product shall display HTML properly in 80% of all HTML browsers tested (minimum is to test 8 browsers).,O
The product must be able to interface with various database management systems. The product shall communicate successfully with the database management system on 100% of all transactions.,O
The product must be able to interface with various email servers. The product shall be able to send email.,O
The product shall be available for distribution via the Internet as a binary or ZIP file.,O
The product shall be available for distribution as a packaged CD.,O
The product will be available for licensing as a one-server  two-five servers  or five-or-more servers license.,O
A new user must be able to be added to the system within 10 minutes. 90% of new users are able to log into the system within 10 minutes.,US
The product must be designed using Design Patterns and coding best practices.  90% of maintenance software developers are able to integrate new functionality into the product with 2 working days.,MN
The product must be highly configurable for use with various database management systems for the end users.  80% of end users are able to integrate new database management systems with the product without changing the product\92s software code.,MN
Maintenance releases will be offered to customers once a year.  The releases shall take no longer than 5 minutes for 80% of the customer base to install.,MN
Every registered user will have access to the product\92s support site via the Internet.  70% of registered users shall find a solution to their problem within 5 minutes of using the support site.,US
The customer shall be able to easily integrate new building maps with the product throughout the product\92s lifecycle.  Integration of new maps with the product shall be possible with little to no support from product support staff.,MN
The product shall be translated into foreign languages other than the target market countries\92 languages in future releases.  For each emerging target market  it shall take no more than 5 days to configure the product for that market\92s language.,US
The product is expected to integrate with multiple database management systems. The product will operate with Oracle  SQL Server  DB2  MySQL  HSQL  and MS Access.,O
The product shall be able to be installed in any operating environment within 2 days.,O
The product shall ensure that only company employees or external users with company-approved user IDs may have product access.  100% of all logons shall be by either company employees or external users with company-approved user IDs.,SE
Only managers are able to perform search queries for reservations by user.  100% of all search queries for reservations by user shall be from logons of only management logons.,SE
The product shall ensure that the database\92s data corresponds to the data entered by the user.  Each conference room reservation in the system will contain the same information as was entered by the user.,SE
The product shall prevent the input of malicious data.  The product and/or adjacent hardware/software systems\92 data shall remain 100% uncorrupted each time malicious data is input into the product.,SE
The product and/or dependent databases/filesystems shall remain operational as a result of the input of malicious data.  The product and/or dependent databases/filesystems shall not crash 100% of the time that malicious data is input into the product.,FT
The product shall have the ability to receive automatic software updates as new threats emerge. 100% of customers will be able to receive automatic software updates transmitted to the installed product.,SE
The language of the product shall accommodate all of the target market countries. 90% of survey respondents from each target market country will find that the language of the product is acceptable.,SC
The product shall be able to display calendar dates and times according to the user\92s locale.  90% of survey respondents from each target market country will find that the date and time formatting of the product is correct.,US
The product must be developed with the J2SE/J2EE programming language libraries,O
Recreation of Inventory Quantity Adjustment for the period of previous 30 days shall take no more than 30min.,PE
The System shall allow for a minimum of  6 users to work at the same time.,PE
The System shall utilize currently owned computer equipment.,O
The System shall be able to automatically backup business data and restore them on demand.,O
The System shall maintain consistent security.  Any changes in user passwords and/or permissions should take affect in all parts of the System.,SE
The System shall granularly control access rights to all major subsystems.  It should be possible to assign access rights to all subsystems independently.,SE
The System shall meet all applicable accounting standards.  The final version of the System must successfully pass independent audit performed by a certified auditor.,L
The System shall not require additional third party licenses resulting in royalty fees.,O
Administrator shall be able to activate a pre-paid card via the Administration section in under 5 seconds.,PE
 Customer shall be able to check the status of their prepaid card  by entering in the PIN number  in under 5 seconds.,PE
System shall let customers register on the website as a \93pay as you go\94 user in under 5 minutes.,PE
System shall let customers register on the website as a \93unlimited movie subscriber\94 user in under 10 minutes.,PE
System shall let existing customers log into the website with their email address and password in under 5 seconds.,PE
System shall let customers cancel their account  process shall take no longer than 2 minutes.  Database will mark the account as inactive  and user will not be able to log into the website.,PE
System shall let administrator de-activate a customer account in under 1 minute. Customer will no longer be able to access the website.,PE
System shall let administrator add/remove movies on the website in under 5 minutes.  Entered movie information will be stored in the database and will now be available on the website.,PE
System shall let the administrator add/remove categories on the website in under 5 minutes.,PE
System shall let Izogn Manager access sales and usage statistics in under 2 minutes.,PE
System shall let administrators generate unique pre-paid pins in under 2 minutes and generate an Excel file with the generated PINs.,PE
The website shall be attractive to all audiences.  The website shall appear to be fun and the colors should be bright and vibrant.,LF
The website should have an African feel  but should not alienate non-Africans.  The website should use animation on pages which are describing the services  to grab the users attention and encourage them to sign up.,LF
The website design should be modern  clean  and concise.,LF
The product should be able to be used by 90% of novice users on the Internet.,US
Users should only have to navigate through a maximum of 4 pages  to create an account with the website.,US
Users should be able to access their streaming movies in under 2 clicks after logging into the website.,US
An anonymous survey will show that 70% of customers are comfortable purchasing streaming movies after 2 weeks using the website.,US
An anonymous survey will show that 95% of customers are comfortable using and purchasing pre-paid cards after a month of using the system.,US
The product shall retain the customer\92s buying preferences and information.,US
The product shall be easy for customers with novice skills on the  Internet to purchase and watch streaming movies.  Customers should be able to purchase and watch a pre-determined movie in under 3 minutes.,US
The product shall use symbols and words that are naturally understandable by users familiar with websites,US
The website will use standard Internet conventions when interacting with the user.,US
Any interface between a user and the automated system shall have a maximum response time of 5 seconds  unless noted by an exception below.,PE
When purchasing a streaming movie or pre-paid card via credit card  the processing time should have a maximum response time of 15 seconds.,PE
When streaming a movie  the buffering time should take no longer than 10 seconds (plus any latency on the user\92s connection.),PE
While streaming a movie  buffering should only occur if there is latency in the user\92s connection.,PE
All credit card information will be secured on the server  and only accessible by authorized Izogn administrators.  Information will be encrypted in the database.,SE
The website shall be available for use 24 hours per day  365 days per year.,A
The website shall achieve 99.5% up time.,A
All movies shall be streamed on demand  at any time of the day.,A
The website shall continue to operate if the streaming server goes down.,FT
The website shall continue to operate if the payment gateway goes down.,FT
The streaming server will support 50 simultaneous streaming connections.,SC
The streaming server will support a maximum of 700 movies; new servers can be added to support more movies.,SC
The server will support a maximum of 1 000 simultaneous users.,SC
The website shall be capable of supporting 100 000 customers.,SC
The product shall be expected to operate within the maximum maintenance budget for a minimum of 2 years.,MN
All aspects of the website shall be accessed by a web browser over the Internet.,O
The same hardware supporting the current website will be used to support the new system.,O
We must be able to interface with the following browsers: IE 5.X  6.0  Netscape 6.x  7.x  8.x and Firefox 1.0.,O
Website must interface with the CyberSource API to process credit card transactions.,O
Website must be fully operational with MSN TV2.,O
Movies shall be encoded and streamed via Windows Media Player 9.0.,O
Movies shall be encoded for 56k and 256k streams.,O
Promotional updates to the website should take a day to update.,MN
Izogn Administrator must be able to update the category listings on the website within 2 minutes.,PE
Izogn Administrator must be able to add new products to the website within 2 minutes.,PE
The system will provide a 24 hour 800 toll free number for support to its customers.,A
The website will provide a help section with answers and solutions to common problems.,US
Velkat staff will be available for phone support between 7am-7pm  M-F to provide technical support to the Izogn administrators.,A
The product shall be able to be installed in the specified environment within 1 working day.,O
Only registered customers can purchase streaming movies.,SE
A customer can only stream a movie if they purchased it  and are within the 2 day viewing period.,SE
Only authorized personnel can access customer records in the database.,SE
Only administrators can activate a pre-paid card.,SE
Only authorized personnel can access sales information.,SE
The website shall prevent its data from being corrupted when incorrect data is entered in.,SE
The website shall protect itself from intentional abuse  and notify the administrator at all occurrences.,SE
Data integrity scripts will be run on a weekly basis to verify the integrity of the database.,SE
The website shall make its user aware of its information practices before collection data from them via a Privacy Policy  accessible on all pages of the website.,SE
The system shall notify customers of changes to its information policy.,SE
The system shall reveal private information only in compliance with the organization\92s information policy.,SE
All customer information will be stored on a secure database  accessible only to authorized personnel.,SE
All credit card information will be encrypted in the database.,SE
The streaming server will have anti-virus software to prevent infection of malicious viruses.,SE
The website should cater to all tribes in Nigeria.,LF
The website shall not be offensive to religious or ethnic groups.,LF
The website should appeal to all Africans  not only Nigerians.,LF
The website should use Flash to provide animation on the home page.,O
IzognMovies shall meet the licensing requirements set forth by the appropriate organizations in order to stream African movies.,L
The website will comply with W3C standards.,L
The PHP code will comply with PEAR standards.,L
Total lead cycle time must be completed in 5 minutes for 90% of lead volume between the business hours of 8AM CST to 8PM CST; then 3 minutes for 99% of lead volume during off business hours.,PE
No lead evaluation will complete in a time period longer than 25 seconds for 97% of all leads processed.,PE
For leads that process longer than 25 seconds the system will record the event and duration,PE
The process must fit within the processing time conditions set forth by the Auto Rep Assignment process in which a lead is assigned within 3 minutes of the total life cycle.,PE
The lead washing process will operate within the established physical web service structure.,O
The washing process must use a non binding  neutral data format  such as xml  when receiving and processing lead data.,O
Defect reports will be available to technical units on a 24x7 basis.,A
Washing parameters will be updated during scheduled maintenance hours.,MN
The product shall simulate the look of ships at sea.,LF
The product shall display the grids within a circle as a view from a periscope.,LF
The product shall display each type of ship in a grid using an image of the specific type of ship.,LF
When the offensive player takes a shot  the product shall simulate the sound of a ship at sea.,LF
When a shot is marked as a miss  the product shall simulate the sound of a shot missing its target.,LF
When a shot is marked as a hit  the product shall simulate the sound of a shot hitting its target.,LF
When a ship is sunk  the product shall simulate the sound of a sinking ship.,LF
The product shall be available 24 hours per day  seven days per week.,A
The product shall able to handle a large number of games simultaneously.,PE
The response time shall be fast enough to maintain the flow of the game.  The response time shall be no more than 2 seconds for 95% of responses and no more than 4% for the remaining responses.,PE
The product shall protect the identity of the players. The product shall provide players no access to information that might reveal the identity of another player.,PE
The product shall be intuitive and self-explanatory.  Nine out ten users shall be able to successfully complete a game with no training.,US
The product shall be available to players who understand English  Spanish and French.  The product shall allow the user to select the language upon accessing the product.,US
The product shall provide players no access to information that might reveal the identity of another player,SE
The response time shall be fast enough to maintain the flow of the game. The response time shall be no more than 2 seconds for 95% of responses and no more than 4% for the remaining responses.,PE
The system shall be easy to use by callers and supervisors. Callers and supervisors must be able to accomplish any system task within 2 minutes.,US
The system shall be easy to learn by callers and supervisors. Callers and supervisors shall learn how to use the system within 10 minutes.,US
The system shall be responsive. At the DePaul TeleServices Center  when a supervisor uses the system to view a callers schedule  the system response time must be no more than 2 seconds 90% of the time and no more than 5 seconds the rest of the time.,PE
On a 56k connection  the system response time for all operations must be no more than 6 seconds 90% of the time.,PE
On a 112k connection or faster  the system response time for all operations must be no more than 3 seconds 90% of the time.,PE
The system shall have high availability every day of the year.The system must be available for use between 12:00AM and 6:00PM all days of the year.,A
The system must be available for use between 7:00AM and 11:59PM all days of the year.,A
The product shall be internet browser independent.The product must run using Internet Explorer and Netscape Navigator.,MN
The product shall ensure that only supervisors can advertise empty time slots.The product must ensure that supervisors are allowed to access advertise empty time slots.,SE
The product shall ensure that only supervisors can enter a caller\92s schedule.The product must ensure that supervisors are allowed to access advertise empty time slots.,SE
The product shall ensure that only supervisors can view schedule of all callers.The product must ensure that supervisors are allowed to access advertise empty time slots.,SE
The interface shall have a simple look. In the interface and usability survey  90% of beta testers must report that the interface is adequately simple.,LF
The interface shall be appealing to callers and supervisors. In the interface and usability survey  80% of beta testers must report that the interface is appealing.,LF
The product shall provide GUI based Monitoring Services.System Administrators shall monitor message exchanges will predict and determine problems and will also provide internal and external support.,LF
The product shall comply with City of Chicago Application Development Guide Framework.Application Development Framework will provide structured Graphical User Interface.,LF
The product shall provide Monitoring Services.The product shall be easy for System Administrators and DBAs to use after two weeks of usage.,US
The product shall provide Error Tracking Services.The product shall help the System Administrators and DBAs to resolve transaction errors 99% of the time.,US
The product shall provide Portals.The product shall help System Administrators to analyze the transactions with ad-hoc reporting and KPIs (Key Performance Indicators),US
The product shall provide Asynchronous Messaging.The product shall provide asynchronous messaging to enable parallel processing and reduce the overhead in communications,PE
The product shall provide Multi-threading and Load Balancing.The product shall provide multi-threading technology as well as load balancing to overcome data load spikes and traffic.,PE
The product shall process messages within 2 seconds.The product shall have a maximum message processing time of 2 seconds,PE
The product shall poll the system for messages every second.The product shall poll the system for new messages at a maximum of every 1 second.,PE
The product shall provide Dynamic Change Support and Transparent resource addition.The product shall support Transparent Resource addition and Dynamic Change support to provide scalability and avoid service interruptions of more than 1 day.,PE
The product shall be available 99% of the time. Rationale: To avoid service interruption during busiest customer service response periods. The product shall be available 99.99% of the time for regular business days.,A
The product shall be robust.The product shall have fault avoidance based on standards adoption.,FT
The product shall be robust with fault tolerance.The product shall have fault tolerance by using recovery technique compensatory transaction and routing around failures.,FT
The product shall be able to process all transactions.The product shall process minimum of 1 million transactions per year.,SC
The product shall be platform independent.The product shall enable access to any type of development environment and platform.,O
The product shall interface CSR and Datastream.The product shall exchange messages between CSR and EAM on a real time basis without any direct interfaces between two systems.,O
The product shall continue to operate during upgrade  change or new resource addition.The product shall be able to continue to operate with no interruption in service due to new resource additions.,MN
The product shall be updated on a regular basis.The product will have a new major feature introduced every six months and quarterly maintenance releases every six months.,MN
The product shall operate with every platform.The product shall accommodate any new technology without any change in its architecture.,MN
The product shall have security.The product shall provide authentication  and authorization.,SE
The product shall information Security. The product shall enable privacy by encryption WS-Security and Integrity Checking.,SE
The product shall have audit capabilities.The product shall store messages for a minimum of one year for audit and transaction tracking purposes.,SE
The system shall use IBM and CCR branding standards. The interface must have one IBM logo and one CCR logo.,LF
The system shall be displayable on any work computer a CCR user may have. The system interface shall be formatted to display at 800 by 600 pixel resolution.,LF
The system interface will use CCR nomenclature. The system must use the same nomenclature used in the existing WCS system and reports,LF
The interface must summarize the data in a fashion that\92s appealing to CCR management. Every report type must have at least one high level summary shown in the results dashboard/interface,LF
The system must use a point and click interface. 100% of all selection and navigation functionality must be able to be activated/selected by either a mouse or a keyboard,US
The interface shall be easy to use. 90% of users should be able to successfully use the system to generate a report on their first use. The interface should adhere to IBM usability standards.,US
Reports must be easy to generate. Reports must be generated within one button click and exported within one button click (after selecting the report),US
A user shall be able to use the system without instruction after a short amount of time. After one use a user should understand and remember 90% of the system usage and navigation.,US
All CCR users shall receive training before the WCS system is deployed. One training session will be held for 100% of CCR users before system deployment (based on a CCR user being available),US
The WCS system shall use appropriate nomenclature and terminology as defined by the Corporate Community Grants organization. All interfaces and reports will undergo usability tests by CCR users.,US
The WCS system shall be available at all times as long as IBM\92s internal intranet W3 is accessible. The WCS system will be available 95% of the time IBM\92s internal intranet W3 is available.,A
The WCS system shall have the ability to connect other designated WCS databases currently not included in the system.,SC
The WCS system shall have the ability to include data for regions outside the United States and be accessed by users outside of the United States if approved by CCR management.,SC
The WCS system shall be run in a Windows environment. The WCS shall be accessed by users through the Internet on an IBM computer running a Windows 2000 or above operating system.,O
The Brio portion of the WCS system must be able to export files in spreadsheet form (Microsoft Excel and Lotus 1-2-3 formats).  Brio will provide buttons in the user interface that produce/export reports in .xls or .123 file formats.,O
The WCS system must run queries to the WCS databases once again (on a specified day) to update the available data available to CCR users. Queries must be made to external databases for data refresh once a week.,MN
All changes  updates  and additions to the WCS system shall be updated in the WCS Developer and WCS User Guides. Every change must be reflected in WCS system documentation,MN
The system shall only be accessed by authorized Corporate Community Grants (CCR) employees. Users must be authenticated using their IBM intranet user name and password.,SE
The WCS system shall not allow automatic logins by any user. Cookies containing WCS login information about a user will not be stored on a user\92s computer.,SE
Each team owner will need to use a username and password in order to be authenticated to reach the team owner\92s page,SE
The Commissioner will be the only authorized user per league to adjust league settings.,SE
Each page shall contain a navigation menu which shows the index into which the current page is contained.,LF
Each page shall contain a similar format with action items in one location and navigation buttons in a different location.,LF
The message board shall contain the 5 most recently posted messages on the league page. The messages will contain up to the first 150 characters of the message.,LF
A new user shall be able to navigate through the league and team pages within 30 seconds of reaching the start-up page.,US
Users shall be able to reach the \91add\92  \91drop\92  and \91trade player\92 pages with one click from the team owner\92s page.,US
Users shall be able to view at least 25 NFL player statistics and points on each page.,US
The application shall ask the user to confirm dropping a player or trading a player before performing the action.,US
The application shall be able to complete every user transaction within one fourth of a second of receiving the request over the network.,PE
The application shall have a downtime of at most 10 minutes per year.,A
The application shall run on a web application server.,O
A primary database will be used to store cached data for active users.,O
A secondary database will be used to store historical statistics and data.,O
Application updates shall occur between 3AM and 6 AM CST on Wednesday morning during the middle of the NFL season.,MN
New System version releases shall be released at the beginning of each NFL season.,MN
The RFS system should be available 24/7  especially during the budgeting period. The RFS system shall be available 90% of the time all year  and 98% during the budgeting period. 2% of the time  the system will become available within 1 hour of the time that the situation is reported.,A
98% of the user workstations shall meet the minimum hardware requirements prior to implementation. Minimum Hard Disk Space:  400MB.,O
98% of the user workstations shall meet the minimum software requirements prior to implementation: Microsoft Internet Explorer 5.0. Microsoft .NET Framework 1.1. Microsoft Internet Explorer Web Controls,O
The RFS system should be able to easily interface with the BDW environment  in order to load the data. \95	7 data files shall be received from the BDW and loaded into the RFS system within 3 hours one day prior to the start of budgeting process  every year. The data will be as of October month-end. 	Test files (7) shall be loaded up to 5 times throughout the year  from the BDW.,O
Changes to revenue and expense formulae must be applied to the RFS system  every year  prior to the budgeting process start. Revenue and expense formulae will be updated within one week of their receipt  after which 2 weeks will be allotted to testing of the budget calculations  to be conducted jointly by the project development team and PCG Finance.,MN
New branches/complexes/districts/regions and revenue/expense accounts added to the BDW  must be reflected in the RFS system. 100% of the entities (mentioned above) available as of October month-end  will be loaded into the RFS system  prior to the budget start process.,MN
Only authorized user shall access the RFS system. ONLY users that exist in the UAS system  with the RFS system assigned to their role(s)  shall access the RFS system and use it.,SE
User access should be limited to the permissions granted to their role(s) Each level in the PCG hierarchy will be assigned a role and users will be assigned to these roles. Access to functionality within RFS system is dependent on the privileges/permission assigned to the role..,SE
The product must comply with the intranet page standards and requirements of ENET Securities. 95% of the product look & feel will be approved by the Architecture group  prior to implementation. The remaining 5% will be corrected and approved within one month of product release.,LF
The intranet pages should display appropriately in all resolutions  from 800x600 and higher. The display of all the pages will be correct in 95% of the resolutions  prior to implementation. The remaining 5% will be corrected within a week of notification of the incorrect display.,LF
The users should be able to easily use the system to successfully complete their budgets  within the stipulated time for completion. With a week of training prior to product implementation  98% of the users shall complete their budgets within the stipulated time.,US
The product interface should be fast. The response time of the product interface should not exceed 2 seconds 90% of the time. For 10% of the time  the response time should not be more than 10 seconds.not be more than 10 seconds.,PE
The system shall operate on Unix and Windows operating systems.,PO
"The system shall be evoked by typing ""pine"" into a command or shell prompt.",O
The system shall use the SMTP mail protocol.,O
The system shall use a text-based interface to display a listing of available mail.,LF
The system shall have a help system that offers tips and explanation for each screen and each item on the screens upon demand.,US
The meeting scheduler shall be accessed from the Web.,O
The system must be easy to use by both managers and chefs such that they do not need to read an extensive amount of manuals.,US
The system must be quickly accessible by both managers and chefs.,US
The system must be intuitive and simple in the way it displays all relevant data and relationships.,US
The menus of the system must be easily navigable by the users with buttons that are easy to understand.,US
All the functions of the system must be available to the user every time the system is turned on.,A
The calculations performed by the system must comply according to the norms set by the user and should not vary unless explicitly changed by the user.,L
The client should agree to EULA before using our software.,L
All Web pages generated by the system shall be fully downloadable in no more than 10 seconds over a 40KBps modem connection.,PE
Responses to queries shall take no longer than 7 seconds to load onto the screen after the user submits the query.,PE
The system shall display confirmation messages to users within 4 seconds after the user submits information to the system.,PE
All network transactions that involve financial information or personally identifiable information shall be encrypted.,SE
Patrons shall log in according to the restricted computer system access policy.,SE
Only users who have been authorized for home access to the corporate Intranet may use the COS from non-company locations.,SE
Programmers and application developers will have access to source code to address bugs or system enhancements as deemed necessary. Network Administrator and DBA support is also required to maintain a 24x7 system uptime.,A
System security and access levels are provided in the online system. There are varying levels of system access and functional authority. Each student's access is limited to his/her own registration records. Only authorized system administrator(s) has access to all student registration records.,SE
All data entry forms for the application should match their Microsoft Excel hardcopy counterparts as closely as possible. Hardcopies of these forms were provided to the design team during the second requirements interview.,O
95% of users will not need to read the user manual to be able to use the application.,US
Changes made to the Manage My ID website can be adopted without altering the iOS application.,MN
The application should be connected to the Internet.,A
The application should be connected to the GPS device.,A
The application should be easy to extend. The code should be written in a way that it favors implementation of new functions.,MN
Test environments should be built for the application to allow testing of the applications different functions.,MN
The application should be portable with iOS and Android.,PO
The system shall show a tabbed display (or equivalent functionality) with the campus map on one tab and info on the most recently announced building on the other.,LF
The system shall allow the user to scroll the campus map from the campus map tab.,US
The campus map shall provide visual clues regarding what areas have prepared audio and therefore may be selected.,LF
The campus map shall have a pause/resume button. The pause and resume button will allow the user to scroll and select other buildings without being interrupted by the automatic search and announce feature.,LF
The system shall provide a way to return to the startup screen.,US
The system should use the company colors and logos.,LF
The system shall be capable of restoring itself to its previous state in the event of failure (e.g. a system crash or power loss).,FT
The system shall be able to display a menu at all times to facilitate manual order taking should the need arise.,LF
The system shall utilise periodic 30-second keep-alive messages between tablets and the server to monitor tablet operational status.,O
The system shall flag tablets that fail to send timely keep-alive messages as non-operational and disassociate the assigned waiter from the tablet.,FT
A waiter password used for tablet login must have a bit-strength of at least 64 bits.,SE
A waiter password used for tablet login must be changed every three months.,SE
A waiter shall only be able to log into one tablet at any given instance of time.,SE
A waiter that attempts to log into a second tablet while already logged into another tablet shall be rejected and notified through both tablets.,SE
A display shall not require a user to log in.,SE
A surface computer shall not require a user to log in.,SE
A tablet shall require a user to log in using a username and password.,SE
The system will fully function in major browsers.,PO
The system will support mobile users in some way.,PO
Responses to view information shall take no longer than 5 seconds to appear on the screen.,PE
The system shall accommodate large data items without fault.,FT
System will use secured database.,SE
Unauthorised users can only read data without modifying anything.,SE
ABS shall handle all expected and unexpected errors in ways that prevent loss in information and long downtime period.,FT
Information transmission should be securely transmitted to server without any changes in information.,SE
Be intuitive even to first time users,LF
Flea Market system will interface with the web server and RDBMS software using APIs provided by the implementation language,O
All transactions at the Flea Market require a valid user ID and password.,SE
Secure data transfer over the Internet could be provided using SSL encryption that will be configured by the host system administrator.,SE
The IP addresses where the transaction was made from will be logged.,SE
User passwords will be stored in the database in an encrypted format.,SE
Detailed documentation of the code and SRS will enable easy maintenance of the Flea Market.,MN
It must only update the parts that have changed when connecting to the server.,O
It must be able to change and update information on the server.,O
The application must log the user out when it is exited.,SE
A correct combination of username and password is required for a user to login.,SE
It should give a drill-down view of all data in the medical record after logging in.,LF
Logout must be automatic after 1 hour of inactivity.,SE
Full data backups must be created daily.,SE
Each account must securely store all of its data.,SE
The system should have to keep the location where the doughnut will be send.,O
The website is available whenever the users want to use it.,A
The system use SSL (secured socket layer) in all transactions that include any confidential customer information.,SE
The system must automatically log out all customers after a period of inactivity.,SE
The system should not leave any cookies on the customer's computer containing the user's password.,SE
The system's back-end servers shall only be accessible to authenticated administrators.,SE
Sensitive data will be encrypted before being sent over insecure connections like the internet.,SE
The system provides storage of all databases on redundant computers with automatic switchover.,O
The reliability of the overall program depends on the reliability of the separate components. The main pillar of reliability of the system is the backup of the database which is continuously maintained and updated to reflect the most recent changes.,FT
An end-user may use this system on any OS; either it is Windows or Linux.,PO
The logo and the current basic design of registration system should be displayed. The system should be attractive according to the clients. The design and the color should make users feel comfortable when using the system instead of flashing useless colors on the screen. The design should also reflect the seriousness of the environment.,LF
The system should be able to manage all the information incoming from the database and the catalogue.,O
The product is Web based therefore it will be used in any environment that allows Web access.,PO
For the system to successfully operate the registration system should be integrated with other IT services and the portal.,O
The system should need to be entirely self-supporting since the users would be using it only to register courses.,US
The Web interface should be compatible with standards in order to be usable via all major Web browsers in a wide variety of environments.,PO
"Everyone (stakeholders and guests) can have access to the system and the catalogue. Every client must have secure and private access to his/her data. The  and the service man can have access to every part of the system. All these accesses (except the ""guest tour"" access) require identification through ID and password.",SE
The system will develop a security system that will reduce to the minimum the possibility of corruption from systems and/or humans.,SE
The Operational Interface shall have a Mean Time Between Failures of no less than 7 days.,FT
The system shall be available 99.5% of the time.,A
The software system needs a robust security mechanism in place so that unauthorized users are not allowed access to parts of the system.,SE
Each user shall either be trusted or not trusted.,SE
All source code and development related documents shall be controlled under a version control system.,MN
All source code shall adhere to an agreed upon and well-defined set of coding standards for each development language used.,MN
Since the software must run on several popular hardware platforms and the goal is to achieve a reasonable level of platform independence.,PO
High level of performance requires high speed network and high level of connectivity.,PE
The available server must be reliable and the network connectivity in the supermarket should be proper for smooth flow of all operations and data.,O
Every user of the software is provided a unique login ID and a password which is stored in the database hashed by SHA2 algorithm.,SE
The software is available for use from the supermarket opening time to the closing time.,A
The system shall accommodate high number of items and users without any fault.,FT
System use shall not cause any harm to human users.,SE
System will use secured database,SE
Normal users can just read information but they cannot edit or modify anything except their personal and some other information.,SE
System will have different types of users and every user has access constraints.,SE
Customers must have a valid login id to enter into the site.,SE
The system is expected to have reasonable short time response. The voter should be able to login and should be able to get response for his requests in 2-3 seconds.,PE
The data transaction between client and server must be encrypted using SSL technology.,SE
All the passwords that are generated or accepted must be stored in database in an encrypted form.,SE
To prevent attacks the system should generate random word and ask the user to enter it correctly for multiple tryings.,SE
The system should warn ECA users about the malfunction of the system.,FT
The system should be simple to use,LF
All users of the system shall login using some form of unique identification.,SE
All login attempts shall be done so in a secure manner.,SE
The system shall be compatible with the Microsoft Windows Operating System.,O
The web application shall add no more than 5 seconds of perceivable overhead time to any necessary web and database transaction time.,PE
The system shall utilize HTTPS communication to ensure data confidentiality.,SE
User authentication and privileges are defined outside the scope of the sytem by the Microsoft Active Directroy Server.,SE
Personal information security is defined outside the scope of the SDMS by the database server.,SE
Users shall be required to log into the system for all operations except the operations on the login page.,SE
The system shall run on Windows Server 2003.,PO
The system shall be compatible with IIS6.0 and above or  Apache 2.0 and above.,PO
The system shall provide a uniform look and feel between all the web pages.,LF
The system shall provide a digital image for each product in the product catalog.,US
The system shall provide use of icons and toolbars.,US
The system shall provide handicap access.,US
The system shall provide multi language support.,US
The system shall provide a contractual agreement with an internet service provider for T3 access with 99.9999% availability.,A
The system shall provide a contractual agreement with an internet service provider who can provide 99.999% availability through their network facilities onto the internet.,A
The product shall be based on web and has to be run from a web server.,O
The product shall take initial load time depending on internet connection strength which also depends on the media from which the product is run.,PE
The performance shall depend upon hardware components of the client/customer.,PE
The system shall use secure sockets in all transactions that include any confidential customer information.,SE
The system shall automatically log out all customers after a period of inactivity.,SE
The system shall confirm all transactions with the customer's web browser.,US
The system shall not leave any cookies on the customer's computer containing the user's password.,SE
The system shall not leave any cookies on the customer's computer containing any of the user's confidential information.,SE
The customer's web browser shall never display a customer's password.  It shall always be echoed with special characters representing typed characters.,SE
The customer's web browser shall never display a customer's credit card number after retrieving from the database.  It shall always be shown with just the last 4 digits of the credit card number.,SE
The system's back-end servers shall never display a customer's password.  The customer's password may be reset but never shown.,SE
The system's back-end databases shall be encrypted.,SE
The system will use a single password per user to login to the E-Store System.,SE
The system shall use secure socket layer (SSL) technology to ensure all payments made online and user logins are secure.,SE
Any page of the application should not take more than 6 seconds to load on a DSL broadband connection.,PE
The system may be throttled or slowed down on heavy loads to ensure service for everybody. By throttling is meant that certain functionality may be unavailable during heavy server load.,PE
The application should be able to support 100 concurrent users without any performance degradation.,PE
The system should be able to scale up to 500 concurrent users (if there is a need in the future) by installing additional hardware components.,SC
The MTBF (if any) should not be less than 2 months.,A
A secure server will be required to ensure confidentiality of customer's credit card and other details.,SE
The user interface of the system should be very user friendly. ,US
It should not take more than 120 seconds for a new user to register for an account.,US
It should not take more than 90 seconds for a registered user to place an order.,US
The system should be easy enough to maintain that someone else could do it with a manual and a few hours training.,MN
The system should be portable to various operating environments.,PO
The entire website must be user-friendly and easily navigable. The website must be provided with a site map for quick access to a particular link according to the requirement specification. The user must be able to find what he/she wants from the site without any difficulty. The website must adhere to branding schemes and the layout of the web pages must be uniform throughout  ,US
The system shall support up to 10000 simultaneous users against the central database at any given time and up to 5000 simultaneous users against the local servers at any one time. The performance of the website must be optimal incase of huge loads and hence appropriate load balancing must be done to achieve this. There can be any number of mirror servers readily available in case of huge loads without the user getting any delay.,PE
The website must provide highest degree of security to the registered users. All the transactions that are made must be secured. The sensitive information passed to and from the website must be secured. Identity theft and other security related issues must be solved. Unauthorized transmission of sensitive information of the user to third party websites for reference must be avoided. On the basis of user agreement the information must be processed. All the information about the registered user must be securely stored in the central database.,SE
